{
  "apps/admin/postcss.config.mjs": 1775323087.7959998,
  "apps/admin/next-env.d.ts": 1775323680.5578907,
  "apps/admin/eslint.config.mjs": 1775323087.794749,
  "apps/admin/next.config.ts": 1775323087.7948194,
  "apps/admin/src/types/index.ts": 1775323087.801196,
  "apps/admin/src/app/layout.tsx": 1777699383.4366744,
  "apps/admin/src/app/page.tsx": 1777716942.0451903,
  "apps/admin/src/app/privacy-policy/page.tsx": 1777914316.5679924,
  "apps/admin/src/app/creative-links/page.tsx": 1775495561.3464239,
  "apps/admin/src/app/terms/page.tsx": 1777716945.5958622,
  "apps/admin/src/app/refund-cancellation/page.tsx": 1777914355.904585,
  "apps/admin/src/app/account-delete/page.tsx": 1777716933.4497256,
  "apps/admin/src/app/contact-us/page.tsx": 1777914386.871082,
  "apps/admin/src/app/child-safety/page.tsx": 1777716937.1786315,
  "apps/admin/src/app/(auth)/login/page.tsx": 1777704104.5487597,
  "apps/admin/src/app/(dashboard)/layout.tsx": 1777704096.026361,
  "apps/admin/src/app/(dashboard)/dashboard/page.tsx": 1777716746.2805953,
  "apps/admin/src/app/(dashboard)/dashboard/settings/page.tsx": 1777647413.975097,
  "apps/admin/src/app/(dashboard)/dashboard/links/page.tsx": 1777716857.8461475,
  "apps/admin/src/app/(dashboard)/dashboard/users/page.tsx": 1778566436.7144737,
  "apps/admin/src/app/(dashboard)/dashboard/create/page.tsx": 1777716828.805118,
  "apps/admin/src/features/profile/api.ts": 1777703645.0701568,
  "apps/admin/src/features/profile/query.ts": 1777699426.8900557,
  "apps/admin/src/features/users/api.ts": 1778566391.8644612,
  "apps/admin/src/features/users/query.ts": 1778566393.6500862,
  "apps/admin/src/components/auth-guard.tsx": 1777716928.1822941,
  "apps/admin/src/components/settings-form.tsx": 1777716876.7311902,
  "apps/admin/src/components/nav-main.tsx": 1777716671.2089422,
  "apps/admin/src/components/app-sidebar-header.tsx": 1777648248.1346464,
  "apps/admin/src/components/app-sidebar-layout.tsx": 1777716704.2660792,
  "apps/admin/src/components/nav-user.tsx": 1777716682.7102938,
  "apps/admin/src/components/app-sidebar.tsx": 1777716663.7983208,
  "apps/admin/src/components/login-form.tsx": 1777646315.0722518,
  "apps/admin/src/components/creative-attribution-notice.tsx": 1777716881.5528486,
  "apps/admin/src/components/nav-secondary.tsx": 1775323087.799201,
  "apps/admin/src/components/nav-projects.tsx": 1775323087.799128,
  "apps/admin/src/components/ui/pagination.tsx": 1778564385.9282928,
  "apps/admin/src/components/ui/card.tsx": 1777716645.8343837,
  "apps/admin/src/components/ui/sheet.tsx": 1775323087.8000576,
  "apps/admin/src/components/ui/field.tsx": 1777645809.0538182,
  "apps/admin/src/components/ui/label.tsx": 1777645808.9461813,
  "apps/admin/src/components/ui/sonner.tsx": 1775323087.8002987,
  "apps/admin/src/components/ui/tooltip.tsx": 1775323087.80038,
  "apps/admin/src/components/ui/switch.tsx": 1778564497.928072,
  "apps/admin/src/components/ui/breadcrumb.tsx": 1775323087.7994666,
  "apps/admin/src/components/ui/avatar.tsx": 1775323087.799394,
  "apps/admin/src/components/ui/sidebar.tsx": 1775323087.8001552,
  "apps/admin/src/components/ui/table.tsx": 1778564373.31574,
  "apps/admin/src/components/ui/separator.tsx": 1777645808.9953878,
  "apps/admin/src/components/ui/button.tsx": 1777717424.0247755,
  "apps/admin/src/components/ui/collapsible.tsx": 1775323087.799691,
  "apps/admin/src/components/ui/dropdown-menu.tsx": 1775323087.7997842,
  "apps/admin/src/components/ui/select.tsx": 1778566382.0849702,
  "apps/admin/src/components/ui/input.tsx": 1777717432.6779187,
  "apps/admin/src/components/ui/skeleton.tsx": 1775323087.8002307,
  "apps/admin/src/components/providers/query-provider.tsx": 1777699376.9422994,
  "apps/admin/src/layouts/AppSidebarLayout.tsx": 1775323087.8007421,
  "apps/admin/src/layouts/AppContent.tsx": 1775323087.8006063,
  "apps/admin/src/layouts/AppShell.tsx": 1775323087.8006735,
  "apps/admin/src/hooks/use-mobile.ts": 1775323087.800493,
  "apps/admin/src/lib/utils.ts": 1775323087.801015,
  "apps/admin/src/lib/api.ts": 1778597585.4493892,
  "apps/admin/src/lib/creative-resources.ts": 1775494967.9555237,
  "apps/admin/src/lib/constants.ts": 1777646263.9997325,
  "apps/admin/README.md": 1775323087.7945893,
  "apps/admin/public/file.svg": 1775323087.7964761,
  "apps/admin/public/vercel.svg": 1775323087.7966871,
  "apps/admin/public/next.svg": 1775323087.7966185,
  "apps/admin/public/globe.svg": 1775323087.7965493,
  "apps/admin/public/window.svg": 1775323087.7967558,
  "apps/admin/public/brand/app-logo.png": 1777646259.6081939,
  "apps/admin/public/brand/login/leaf-back.png": 1777646259.6048818,
  "apps/admin/public/brand/login/flowers.png": 1777646259.6036577,
  "apps/admin/public/brand/login/flower_left.png": 1777646259.6029382,
  "apps/admin/public/brand/login/balloons_love.png": 1777646259.5999923,
  "apps/admin/public/brand/login/cloud.png": 1777646259.601642,
  "apps/admin/public/brand/login/flower.png": 1777646259.6022203,
  "apps/admin/public/brand/login/leaf.png": 1777646259.604249,
  "apps/admin/public/brand/login/bg.png": 1777646259.601022
}