{
  "apps/admin/postcss.config.mjs": 1775323087.7959998,
  "apps/admin/next-env.d.ts": 1775323680.5578907,
  "apps/admin/eslint.config.mjs": 1775323087.794749,
  "apps/admin/next.config.ts": 1775323087.7948194,
  "apps/admin/src/proxy.ts": 1775323087.8010857,
  "apps/admin/src/types/index.ts": 1775323087.801196,
  "apps/admin/src/app/layout.tsx": 1775323087.7982025,
  "apps/admin/src/app/page.tsx": 1776355018.5837944,
  "apps/admin/src/app/privacy-policy/page.tsx": 1776446644.8240836,
  "apps/admin/src/app/creative-links/page.tsx": 1775495561.3464239,
  "apps/admin/src/app/terms/page.tsx": 1776446646.4434829,
  "apps/admin/src/app/account-delete/page.tsx": 1776355292.1966698,
  "apps/admin/src/app/child-safety/page.tsx": 1777206095.9804006,
  "apps/admin/src/app/(auth)/login/page.tsx": 1775323087.7970068,
  "apps/admin/src/app/(dashboard)/layout.tsx": 1775323087.7977953,
  "apps/admin/src/app/(dashboard)/dashboard/page.tsx": 1775323087.7974982,
  "apps/admin/src/app/(dashboard)/dashboard/settings/page.tsx": 1775323087.7976182,
  "apps/admin/src/app/(dashboard)/dashboard/links/page.tsx": 1775323087.7973983,
  "apps/admin/src/app/(dashboard)/dashboard/users/page.tsx": 1775323087.7977278,
  "apps/admin/src/app/(dashboard)/dashboard/create/page.tsx": 1775323087.7972689,
  "apps/admin/src/components/nav-main.tsx": 1775323087.7990518,
  "apps/admin/src/components/app-sidebar-header.tsx": 1775323087.798745,
  "apps/admin/src/components/app-sidebar-layout.tsx": 1775323087.798821,
  "apps/admin/src/components/nav-user.tsx": 1775323087.7992735,
  "apps/admin/src/components/app-sidebar.tsx": 1775323087.7988966,
  "apps/admin/src/components/creative-attribution-notice.tsx": 1775323087.798976,
  "apps/admin/src/components/nav-secondary.tsx": 1775323087.799201,
  "apps/admin/src/components/nav-projects.tsx": 1775323087.799128,
  "apps/admin/src/components/ui/card.tsx": 1775323087.799624,
  "apps/admin/src/components/ui/sheet.tsx": 1775323087.8000576,
  "apps/admin/src/components/ui/label.tsx": 1775323087.79992,
  "apps/admin/src/components/ui/sonner.tsx": 1775323087.8002987,
  "apps/admin/src/components/ui/tooltip.tsx": 1775323087.80038,
  "apps/admin/src/components/ui/breadcrumb.tsx": 1775323087.7994666,
  "apps/admin/src/components/ui/avatar.tsx": 1775323087.799394,
  "apps/admin/src/components/ui/sidebar.tsx": 1775323087.8001552,
  "apps/admin/src/components/ui/separator.tsx": 1775323087.7999907,
  "apps/admin/src/components/ui/button.tsx": 1775323087.7995381,
  "apps/admin/src/components/ui/collapsible.tsx": 1775323087.799691,
  "apps/admin/src/components/ui/dropdown-menu.tsx": 1775323087.7997842,
  "apps/admin/src/components/ui/input.tsx": 1775323087.79985,
  "apps/admin/src/components/ui/skeleton.tsx": 1775323087.8002307,
  "apps/admin/src/layouts/AppSidebarLayout.tsx": 1775323087.8007421,
  "apps/admin/src/layouts/AppContent.tsx": 1775323087.8006063,
  "apps/admin/src/layouts/AppShell.tsx": 1775323087.8006735,
  "apps/admin/src/hooks/use-mobile.ts": 1775323087.800493,
  "apps/admin/src/lib/utils.ts": 1775323087.801015,
  "apps/admin/src/lib/api.ts": 1775323087.8008552,
  "apps/admin/src/lib/creative-resources.ts": 1775494967.9555237,
  "apps/api/prisma.config.ts": 1775323087.801855,
  "apps/api/eslint.config.mjs": 1775323087.8016553,
  "apps/api/test/app.e2e-spec.ts": 1775323087.8142645,
  "apps/api/src/main.ts": 1776008924.0007586,
  "apps/api/src/app.service.ts": 1775323087.8031902,
  "apps/api/src/app.module.ts": 1776260117.5384018,
  "apps/api/src/app.controller.spec.ts": 1775323087.802974,
  "apps/api/src/app.controller.ts": 1775323087.8030503,
  "apps/api/src/generated/prisma/browser.ts": 1776401547.3552241,
  "apps/api/src/generated/prisma/client.ts": 1776401547.3551557,
  "apps/api/src/generated/prisma/models.ts": 1776401547.355241,
  "apps/api/src/generated/prisma/commonInputTypes.ts": 1776401547.3552341,
  "apps/api/src/generated/prisma/enums.ts": 1776401547.3552315,
  "apps/api/src/generated/prisma/internal/class.ts": 1776401547.3579352,
  "apps/api/src/generated/prisma/internal/prismaNamespace.ts": 1776401547.3582478,
  "apps/api/src/generated/prisma/internal/prismaNamespaceBrowser.ts": 1776401547.3582156,
  "apps/api/src/generated/prisma/models/Match.ts": 1776401547.3577943,
  "apps/api/src/generated/prisma/models/Report.ts": 1776401547.3578963,
  "apps/api/src/generated/prisma/models/LatestUserPost.ts": 1776401547.3577409,
  "apps/api/src/generated/prisma/models/Block.ts": 1776401547.3578408,
  "apps/api/src/generated/prisma/models/Photo.ts": 1776401547.3577251,
  "apps/api/src/generated/prisma/models/SubscriptionPlan.ts": 1776401547.3578806,
  "apps/api/src/generated/prisma/models/UserDevice.ts": 1776401547.3576815,
  "apps/api/src/generated/prisma/models/Chat.ts": 1776401547.3578048,
  "apps/api/src/generated/prisma/models/Message.ts": 1776401547.3578005,
  "apps/api/src/generated/prisma/models/Like.ts": 1776401547.3577774,
  "apps/api/src/generated/prisma/models/Profile.ts": 1776401547.3576062,
  "apps/api/src/generated/prisma/models/UserSubscription.ts": 1776401547.357878,
  "apps/api/src/generated/prisma/models/PostSwipe.ts": 1776401547.3577642,
  "apps/api/src/generated/prisma/models/User.ts": 1776401547.3576303,
  "apps/api/src/generated/prisma/models/Swipe.ts": 1776401547.357878,
  "apps/api/src/generated/prisma/models/Post.ts": 1776401547.3577318,
  "apps/api/src/generated/prisma/models/ProfileMatchPreference.ts": 1776401547.3576229,
  "apps/api/src/posts/posts.controller.ts": 1775323087.8114133,
  "apps/api/src/posts/posts.service.spec.ts": 1775323087.8116195,
  "apps/api/src/posts/posts.module.ts": 1775323087.811479,
  "apps/api/src/posts/posts.service.ts": 1775323087.8117287,
  "apps/api/src/posts/dto/swipe-post.dto.ts": 1775323087.8113348,
  "apps/api/src/posts/dto/create-post.dto.ts": 1775323087.8111844,
  "apps/api/src/posts/dto/get-posts.dto.ts": 1775323087.8112657,
  "apps/api/src/chat/chat.controller.spec.ts": 1775323672.9571168,
  "apps/api/src/chat/chat.service.ts": 1775577376.025934,
  "apps/api/src/chat/chat.service.spec.ts": 1775323087.8050034,
  "apps/api/src/chat/chat.gateway.ts": 1775374529.1196852,
  "apps/api/src/chat/chat.controller.ts": 1775705577.7948172,
  "apps/api/src/chat/chat.module.ts": 1775577247.4052432,
  "apps/api/src/chat/chat.selects.ts": 1775323087.8049214,
  "apps/api/src/chat/chat.gateway.spec.ts": 1775327322.0373666,
  "apps/api/src/likes/likes.service.spec.ts": 1775323087.8098915,
  "apps/api/src/likes/likes.module.ts": 1775323087.8098052,
  "apps/api/src/likes/likes.service.ts": 1776260621.2998345,
  "apps/api/src/likes/likes.controller.spec.ts": 1775323087.8096564,
  "apps/api/src/likes/likes.controller.ts": 1775323087.8097303,
  "apps/api/src/auth/auth.controller.ts": 1775323087.8033788,
  "apps/api/src/auth/auth.service.ts": 1776405451.1240525,
  "apps/api/src/auth/auth.service.spec.ts": 1775323087.8035297,
  "apps/api/src/auth/auth.controller.spec.ts": 1775323087.803308,
  "apps/api/src/auth/auth.module.ts": 1775323087.8034496,
  "apps/api/src/auth/dto/entry.dto.ts": 1775323087.8038473,
  "apps/api/src/auth/dto/register.dto.ts": 1775323087.8039198,
  "apps/api/src/auth/decorators/current-user.decorator.ts": 1775323087.8037305,
  "apps/api/src/auth/strategies/jwt.strategy.ts": 1775323087.8044467,
  "apps/api/src/auth/guards/ws-jwt/ws-jwt.guard.spec.ts": 1775323087.8042612,
  "apps/api/src/auth/guards/ws-jwt/ws-jwt.guard.ts": 1775323087.8043356,
  "apps/api/src/auth/guards/jwt-auth/jwt-auth.guard.ts": 1775323087.8041468,
  "apps/api/src/auth/guards/jwt-auth/jwt-auth.guard.spec.ts": 1775323087.8040748,
  "apps/api/src/prisma/prisma.service.ts": 1775323087.8119998,
  "apps/api/src/prisma/prisma.module.ts": 1775323087.8118436,
  "apps/api/src/prisma/prisma.service.spec.ts": 1775323087.8119228,
  "apps/api/src/prisma/selects/user.safe.select.ts": 1775323087.8121147,
  "apps/api/src/matches/matches.service.ts": 1776489292.5620508,